name,datetime,tempmax,tempmin,temp,feelslikemax,feelslikemin,feelslike,dew,humidity,precip,precipprob,precipcover,preciptype,snow,snowdepth,windgust,windspeed,winddir,sealevelpressure,cloudcover,visibility,solarradiation,solarenergy,uvindex,severerisk,sunrise,sunset,moonphase,conditions,description,icon,stations
Mumbai,2023-01-01,28,18.7,23.6,27.9,18.7,23.6,14.6,58.5,0,0,0,,0,,32.8,17.2,327.2,1016,12.8,2.9,212.3,18.4,8,10,2023-01-01T07:11:44,2023-01-01T18:12:25,0.3,Clear,Clear conditions throughout the day.,clear-day,"VABB,VAJJ,43003099999,43057099999,43060099999"
Mumbai,2023-01-02,30.6,18.7,24.9,30.5,18.7,25,16.2,60.4,0,0,0,,0,,31,17.2,333.6,1015,1.1,2.8,213.5,18.4,8,10,2023-01-02T07:12:05,2023-01-02T18:13:01,0.34,Clear,Clear conditions throughout the day.,clear-day,"43058099999,VABB,VAJJ,43003099999,43057099999,43060099999"
Mumbai,2023-01-03,29.4,19.7,24.7,30,19.7,24.8,17.2,64.3,0,0,0,,0,,32.4,18.4,301.1,1014.8,9.1,2.4,209.8,18.2,8,10,2023-01-03T07:12:24,2023-01-03T18:13:38,0.37,Clear,Clear conditions throughout the day.,clear-day,"43058099999,VABB,VAJJ,43003099999,43057099999,43060099999"
Mumbai,2023-01-04,29,19.3,24.5,29.7,19.3,24.6,16.8,63.5,0,0,0,,0,,25.9,16.7,279.2,1013.5,2.4,2.6,207.7,17.9,8,10,2023-01-04T07:12:42,2023-01-04T18:14:16,0.41,Clear,Clear conditions throughout the day.,clear-day,"43058099999,VABB,VAJJ,43003099999,43057099999,43060099999"
Mumbai,2023-01-05,30,21.8,25.8,31.3,21.8,26.2,17.5,60.8,0,0,0,,0,,24.5,13.1,344.1,1014.2,14.4,2.4,206.2,17.8,8,10,2023-01-05T07:12:59,2023-01-05T18:14:53,0.44,Clear,Clear conditions throughout the day.,clear-day,"43058099999,VABB,VAJJ,43003099999,43057099999,43060099999"
Mumbai,2023-01-06,32.1,23.3,27.6,32.4,23.3,28.1,18.4,58.6,0,0,0,,0,,25.9,17.1,64,1015.8,13.2,2.5,206.2,17.9,8,10,2023-01-06T07:13:14,2023-01-06T18:15:31,0.48,Clear,Clear conditions throughout the day.,clear-day,"43058099999,VABB,VAJJ,43003099999,43057099999,43060099999"
Mumbai,2023-01-07,31.3,24.6,27.7,32.6,24.6,28.6,19,59.9,0,0,0,,0,,36,14.8,44.1,1015.8,29.1,2.5,207.5,17.9,8,10,2023-01-07T07:13:29,2023-01-07T18:16:09,0.5,Partially cloudy,Partly cloudy throughout the day.,partly-cloudy-day,"VABB,VAJJ,43003099999,43057099999,43060099999"
Mumbai,2023-01-08,31.4,24,27.4,30.8,24,27.3,16,51.3,0,0,0,,0,,35.3,14.8,31.3,1014.9,6.7,2.8,210.2,18.2,8,10,2023-01-08T07:13:43,2023-01-08T18:16:47,0.54,Clear,Clear conditions throughout the day.,clear-day,"VABB,VAJJ,43003099999,43057099999,43060099999"
Mumbai,2023-01-09,30.4,23,26.3,29.3,23,26,11.4,40.4,0,0,0,,0,,34.9,16.6,17,1015.9,0,3.2,216.5,18.7,8,10,2023-01-09T07:13:55,2023-01-09T18:17:26,0.58,Clear,Clear conditions throughout the day.,clear-day,"43058099999,VABB,VAJJ,43003099999,43057099999,43060099999"
Mumbai,2023-01-10,31.3,19.6,25.9,29.4,19.6,25.5,11.6,43.1,0,0,0,,0,,32,16,8.1,1015.2,0,3.1,225.5,19.3,8,10,2023-01-10T07:14:06,2023-01-10T18:18:04,0.61,Clear,Clear conditions throughout the day.,clear-day,"43058099999,VABB,VAJJ,43003099999,43057099999,43060099999"
Mumbai,2023-01-11,29.4,19.8,25,29.1,19.8,25,14.2,52.2,0,0,0,,0,,27.7,18.7,286.2,1013.4,0,2.5,221.4,19.2,8,10,2023-01-11T07:14:16,2023-01-11T18:18:43,0.64,Clear,Clear conditions throughout the day.,clear-day,"43058099999,VABB,VAJJ,43003099999,43057099999,43060099999"
Mumbai,2023-01-12,28.7,19.7,24.4,29.5,19.7,24.5,15.6,59.4,0,0,0,,0,,28.1,18.4,323.9,1012.8,1,2.6,222.8,19.2,8,10,2023-01-12T07:14:25,2023-01-12T18:19:22,0.68,Clear,Clear conditions throughout the day.,clear-day,"43058099999,VABB,VAJJ,43003099999,43057099999,43060099999"
Mumbai,2023-01-13,26.7,21.4,23.8,27,21.4,23.8,16.9,67.3,0,0,0,,0,,27.7,18.4,332.5,1013.9,9.6,3,215.8,18.5,8,10,2023-01-13T07:14:32,2023-01-13T18:20:00,0.71,Clear,Clear conditions throughout the day.,clear-day,"43058099999,VABB,VAJJ,43003099999,43057099999,43060099999"
Mumbai,2023-01-14,25.7,17.6,21.8,25.7,17.6,21.8,11.1,51.6,0,0,0,,0,,28.8,22.2,343,1013.8,1.6,2.9,224.4,19.2,8,10,2023-01-14T07:14:39,2023-01-14T18:20:39,0.75,Clear,Clear conditions throughout the day.,clear-day,"VABB,VAJJ,43003099999,43057099999,43060099999"
Mumbai,2023-01-15,26,17,22,26,17,22,12.9,57.2,0,0,0,,0,,24.8,17.2,310,1012,8.5,2.7,224.8,19.3,8,10,2023-01-15T07:14:44,2023-01-15T18:21:18,0.75,Clear,Clear conditions throughout the day.,clear-day,"VABB,VAJJ,43003099999,43057099999,43060099999"
Mumbai,2023-01-16,26.4,17.8,22.3,26.4,17.8,22.3,15.4,66.3,0,0,0,,0,,25.2,15.4,300.9,1012.1,1,2.5,226.3,19.7,8,10,2023-01-16T07:14:47,2023-01-16T18:21:56,0.81,Clear,Clear conditions throughout the day.,clear-day,"43058099999,VABB,VAJJ,43003099999,43057099999,43060099999"
Mumbai,2023-01-17,27.5,17.8,22.9,27.8,17.8,23,15.8,65.7,0,0,0,,0,,23.4,16,305.2,1012.6,2,2.3,227.4,19.8,8,10,2023-01-17T07:14:50,2023-01-17T18:22:35,0.85,Clear,Clear conditions throughout the day.,clear-day,"43058099999,VABB,VAJJ,43003099999,43057099999,43060099999"
Mumbai,2023-01-18,29,18,24,30.2,18,24.1,16.2,63,0,0,0,,0,,23,16.7,257.2,1013.4,2.1,2.2,229.8,19.9,8,10,2023-01-18T07:14:51,2023-01-18T18:23:13,0.88,Clear,Clear conditions throughout the day.,clear-day,"43058099999,VABB,VAJJ,43003099999,43057099999,43060099999"
Mumbai,2023-01-19,28.7,18.6,23.9,29.3,18.6,24,17.4,68.3,0,0,0,,0,,19.4,15.4,267.7,1013.4,1.9,2.2,226.6,19.6,8,10,2023-01-19T07:14:51,2023-01-19T18:23:52,0.91,Clear,Clear conditions throughout the day.,clear-day,"43058099999,VABB,VAJJ,43003099999,43057099999,43060099999"
Mumbai,2023-01-20,28.4,19.3,24.1,28.3,19.3,24.1,16.6,65.4,0,0,0,,0,,16.9,17.2,294.3,1013.3,12.3,2.6,224.8,19.5,8,10,2023-01-20T07:14:50,2023-01-20T18:24:30,0.95,Clear,Clear conditions throughout the day.,clear-day,"43058099999,VABB,VAJJ,43003099999,43057099999,43060099999"
Mumbai,2023-01-21,27.7,20.7,24.2,27.7,20.7,24.2,15.3,60,0,0,0,,0,,26.6,18.7,316.7,1013.6,4.8,2.8,224.3,19.5,8,10,2023-01-21T07:14:47,2023-01-21T18:25:07,0.98,Clear,Clear conditions throughout the day.,clear-day,"VABB,VAJJ,43003099999,43057099999,43060099999"
Mumbai,2023-01-22,26.7,19.4,22.9,26.6,19.4,22.9,11,47.6,0,0,0,,0,,32.8,19.3,330.6,1013.1,1,3.2,224.6,19.4,8,10,2023-01-22T07:14:43,2023-01-22T18:25:45,0,Clear,Clear conditions throughout the day.,clear-day,"VABB,VAJJ,43003099999,43057099999,43060099999"
Mumbai,2023-01-23,26.4,18.8,22,26.4,18.8,22,11.2,51,0,0,0,,0,,32.4,22.3,332,1012.4,1.6,2.9,226,19.6,8,10,2023-01-23T07:14:38,2023-01-23T18:26:22,0.05,Clear,Clear conditions throughout the day.,clear-day,"43058099999,VABB,VAJJ,43003099999,43057099999,43060099999"
Mumbai,2023-01-24,25.4,17.7,21.8,25.4,17.7,21.8,11,50.7,0,0,0,,0,,31.7,18.2,325.7,1012.8,9.4,2.9,223.6,19.4,8,10,2023-01-24T07:14:32,2023-01-24T18:26:59,0.08,Clear,Clear conditions throughout the day.,clear-day,"43058099999,VABB,VAJJ,43003099999,43057099999,43060099999"
Mumbai,2023-01-25,25.7,18.3,21.9,25.7,18.3,21.9,11.7,53,0,0,0,,0,,47.5,21.8,329.7,1012.8,6,2.5,225.9,19.5,8,10,2023-01-25T07:14:24,2023-01-25T18:27:36,0.11,Clear,Clear conditions throughout the day.,clear-day,"43058099999,VABB,VAJJ,43003099999,43057099999,43060099999"
Mumbai,2023-01-26,28.4,18.3,23.2,28.5,18.3,23.2,14.1,57.1,0,0,0,,0,,37.4,14.8,321.2,1012.1,6.5,2.1,226.9,19.6,8,10,2023-01-26T07:14:15,2023-01-26T18:28:12,0.15,Clear,Clear conditions throughout the day.,clear-day,"VABB,VAJJ,43003099999,43057099999,43060099999"
Mumbai,2023-01-27,31.4,20.6,26,32.9,20.6,26.5,18,62.8,0,0,0,,0,,31.7,17.1,306.9,1011,13.4,2.3,224.2,19.3,8,10,2023-01-27T07:14:05,2023-01-27T18:28:49,0.18,Clear,Clear conditions throughout the day.,clear-day,"43058099999,VABB,VAJJ,43003099999,43057099999,43060099999"
Mumbai,2023-01-28,32,22.4,26.5,31.1,22.4,26.7,19.1,67.2,0,0,0,,0,,25.6,16.7,224.7,1010.1,11.3,2.6,231.3,20,8,10,2023-01-28T07:13:54,2023-01-28T18:29:24,0.25,Clear,Clear conditions throughout the day.,clear-day,"VABB,VAJJ,43003099999,43057099999,43060099999"
Mumbai,2023-01-29,27.8,23.2,25.3,29.8,23.2,25.9,21.9,81.8,0,0,0,rain,0,,27.7,16.6,303.9,1010,25.2,2.3,221,19.1,8,30,2023-01-29T07:13:41,2023-01-29T18:29:59,0.25,Partially cloudy,Partly cloudy throughout the day.,partly-cloudy-day,"VABB,VAJJ,43003099999,43057099999,43060099999"
Mumbai,2023-01-30,28.8,22,25.1,30,22,25.5,19.5,72.1,0,0,0,rain,0,,38.9,17.8,338.2,1012.6,11.9,2.3,218.5,18.8,8,10,2023-01-30T07:13:27,2023-01-30T18:30:34,0.28,Clear,Clear conditions throughout the day.,clear-day,"43058099999,VABB,VAJJ,43003099999,43057099999,43060099999"
Mumbai,2023-01-31,30.7,22,26.1,32.6,22,26.7,18.3,62.9,0,0,0,,0,,45,19.9,339.5,1012.2,7.4,2.4,233.3,20.1,8,10,2023-01-31T07:13:12,2023-01-31T18:31:09,0.32,Clear,Clear conditions throughout the day.,clear-day,"43058099999,VABB,VAJJ,43003099999,43057099999,43060099999"
Mumbai,2023-02-01,32.3,23.7,28.1,32.5,23.7,28.3,16.4,50.2,0,0,0,,0,,41,18.4,26.6,1011.4,15.4,2.9,227.7,19.6,8,10,2023-02-01T07:12:56,2023-02-01T18:31:43,0.35,Clear,Clear conditions throughout the day.,clear-day,"43058099999,VABB,VAJJ,43003099999,43057099999,43060099999"
Mumbai,2023-02-02,33,25.3,28.6,32.6,25.3,28.4,14.3,42.2,0,0,0,,0,,43.6,18.4,31.6,1011.9,25.5,2.9,229.9,19.9,8,10,2023-02-02T07:12:38,2023-02-02T18:32:16,0.38,Partially cloudy,Becoming cloudy in the afternoon.,partly-cloudy-day,"43058099999,VABB,VAJJ,43003099999,43057099999,43060099999"
Mumbai,2023-02-03,32,22.7,27.5,31,22.7,27.2,13.8,44.4,0,0,0,,0,,40,17.2,305.7,1012.7,13.3,2.8,234.6,20.2,8,10,2023-02-03T07:12:19,2023-02-03T18:32:49,0.42,Clear,Clear conditions throughout the day.,clear-day,"43058099999,VABB,VAJJ,43003099999,43057099999,43060099999"
Mumbai,2023-02-04,31.4,21.7,27,30.8,21.7,27,15,48.7,0,0,0,,0,,38.2,15.4,297.6,1011.4,29.2,4.6,235.1,20.4,9,10,2023-02-04T07:12:00,2023-02-04T18:33:22,0.45,Partially cloudy,Clearing in the afternoon.,partly-cloudy-day,"VABB,VAJJ,43003099999,43057099999,remote,43060099999"
Mumbai,2023-02-05,30.7,21.7,26.7,30.9,21.7,26.9,16.5,55,0,0,0,,0,,26.6,18.7,295.8,1010.4,5.1,2.5,240,20.7,9,10,2023-02-05T07:11:38,2023-02-05T18:33:54,0.5,Clear,Clear conditions throughout the day.,clear-day,"VABB,VAJJ,43003099999,43057099999,43060099999"
Mumbai,2023-02-06,31,20.7,26.2,30.8,20.7,26,15,53.2,0,0,0,,0,,41.4,21.7,326.4,1011.3,11.4,2.9,243.6,21.1,9,10,2023-02-06T07:11:16,2023-02-06T18:34:26,0.52,Clear,Clear conditions throughout the day.,clear-day,"43058099999,VABB,VAJJ,43003099999,43057099999,43060099999"
Mumbai,2023-02-07,31.4,22.3,26.1,30.9,22.3,26,15.7,54.7,0,0,0,,0,,34.9,19.6,329.8,1011,8.1,3.1,244.3,21.1,9,10,2023-02-07T07:10:53,2023-02-07T18:34:57,0.55,Clear,Clear conditions throughout the day.,clear-day,"43058099999,VABB,VAJJ,43003099999,43057099999,43060099999"
Mumbai,2023-02-08,32.4,21,27,33,21,27.1,16.4,54.3,0,0,0,,0,,42.5,17.8,319,1011,16.1,2.9,244.4,21,9,10,2023-02-08T07:10:29,2023-02-08T18:35:27,0.59,Clear,Clear conditions throughout the day.,clear-day,"43058099999,VABB,VAJJ,43003099999,43057099999,43060099999"
Mumbai,2023-02-09,33.4,21.7,28,32.9,21.7,27.9,14.9,46.6,0,0,0,,0,,39.6,18.7,263.4,1011.3,19.6,2.9,243.2,21,9,10,2023-02-09T07:10:03,2023-02-09T18:35:58,0.62,Clear,Clear conditions throughout the day.,clear-day,"43058099999,VABB,VAJJ,43003099999,43057099999,43060099999"
Mumbai,2023-02-10,31.7,21.7,27.1,32.8,21.7,27.1,15,48.8,0,0,0,,0,,46.4,22.3,301.4,1012.9,9.2,2.9,250.7,21.7,9,10,2023-02-10T07:09:36,2023-02-10T18:36:27,0.65,Clear,Clear conditions throughout the day.,clear-day,"43058099999,VABB,VAJJ,43003099999,43057099999,43060099999"
Mumbai,2023-02-11,32,21.1,27,32,21.1,26.5,9.9,35.2,0,0,0,,0,,45,19.6,321.1,1013.5,2.7,3.3,254.2,21.9,9,10,2023-02-11T07:09:09,2023-02-11T18:36:56,0.69,Clear,Clear conditions throughout the day.,clear-day,"VABB,VAJJ,43003099999,43057099999,43060099999"
Mumbai,2023-02-12,32.8,20.3,27.5,33.7,20.3,27,11.6,39,0,0,0,,0,,50,18.4,345.6,1013.2,2.9,3.2,254.8,21.8,9,10,2023-02-12T07:08:40,2023-02-12T18:37:25,0.72,Clear,Clear conditions throughout the day.,clear-day,"VABB,VAJJ,43003099999,43057099999,43060099999"
Mumbai,2023-02-13,34,25,29.3,32.6,25,28.4,9.3,29.9,0,0,0,,0,,41.8,19.8,31.2,1013.2,1.6,3.1,255.3,22,9,10,2023-02-13T07:08:10,2023-02-13T18:37:53,0.75,Clear,Clear conditions throughout the day.,clear-day,"43058099999,VABB,VAJJ,43003099999,43057099999,43060099999"
Mumbai,2023-02-14,34,22.7,28.5,32.4,22.7,27.7,9.6,33.2,0,0,0,,0,,38.2,18.1,334,1013,3.4,3.2,259.3,22.4,9,10,2023-02-14T07:07:40,2023-02-14T18:38:20,0.79,Clear,Clear conditions throughout the day.,clear-day,"43058099999,VABB,VAJJ,43003099999,43057099999,43060099999"
Mumbai,2023-02-15,32.2,21.9,27.7,31.3,21.9,27.3,11.8,38.6,0,0,0,,0,,38.2,17.2,289.7,1011.5,8.1,3,261.1,22.6,9,10,2023-02-15T07:07:08,2023-02-15T18:38:47,0.83,Clear,Clear conditions throughout the day.,clear-day,"43058099999,VABB,VAJJ,43003099999,43057099999,43060099999"
Mumbai,2023-02-16,35,22.8,29.4,33.5,22.8,28.4,10.4,33.6,0,0,0,,0,,46.1,24.1,343.3,1011.7,0.5,3.2,261.5,22.7,9,10,2023-02-16T07:06:35,2023-02-16T18:39:14,0.86,Clear,Clear conditions throughout the day.,clear-day,"43058099999,VABB,VAJJ,43003099999,43057099999,43060099999"
Mumbai,2023-02-17,34,21.7,29.4,33.7,21.7,28.8,12.4,36.4,0,0,0,,0,,50.8,19.9,332.1,1012,4.3,3,263.3,22.7,9,10,2023-02-17T07:06:02,2023-02-17T18:39:40,0.9,Clear,Clear conditions throughout the day.,clear-day,"43058099999,VABB,VAJJ,43003099999,43057099999,43060099999"
Mumbai,2023-02-18,36,23.9,30.2,33.4,23.9,29.1,9.2,29.7,0,0,0,,0,,33.5,22.3,355.4,1011.7,0,3.3,267.9,23.1,9,10,2023-02-18T07:05:27,2023-02-18T18:40:05,0.93,Clear,Clear conditions throughout the day.,clear-day,"VABB,VAJJ,43003099999,43057099999,43060099999"
Mumbai,2023-02-19,35.1,21.7,28.8,33.1,21.7,28,11.2,36.4,0,0,0,,0,,27.4,19.8,253.6,1011.7,0,3.2,267.4,23,9,10,2023-02-19T07:04:52,2023-02-19T18:40:30,0.96,Clear,Clear conditions throughout the day.,clear-day,"VABB,VAJJ,43003099999,43057099999,43060099999"
Mumbai,2023-02-20,31.4,23.7,27.5,34.7,23.7,28.7,19.5,63.3,0,0,0,,0,,29.5,18.7,246.6,1012.2,0,2.8,262.2,22.7,9,10,2023-02-20T07:04:16,2023-02-20T18:40:55,0,Clear,Clear conditions throughout the day.,clear-day,"43058099999,VABB,VAJJ,43003099999,43057099999,43060099999"
Mumbai,2023-02-21,32.7,22.3,27.6,33.1,22.3,27.8,16.9,54.5,0,0,0,,0,,39.2,22.3,294.7,1012.7,14.6,2.9,262.6,22.6,9,10,2023-02-21T07:03:39,2023-02-21T18:41:19,0.03,Clear,Clear conditions throughout the day.,clear-day,"43058099999,VABB,VAJJ,43003099999,43057099999,43060099999"
Mumbai,2023-02-22,30.4,22.7,26.7,33.3,22.7,27.5,18.5,61.5,0,0,0,,0,,39.6,21.7,298.8,1012.3,13.6,3.2,248.2,21.4,9,10,2023-02-22T07:03:01,2023-02-22T18:41:42,0.06,Clear,Clear conditions throughout the day.,clear-day,"43058099999,VABB,VAJJ,43003099999,43057099999,43060099999"
Mumbai,2023-02-23,33.4,21.7,27.7,32.4,21.7,27.6,15.4,49.8,0,0,0,,0,,43.2,19.6,295.9,1011.5,0.7,2.9,271,23.5,9,10,2023-02-23T07:02:22,2023-02-23T18:42:05,0.1,Clear,Clear conditions throughout the day.,clear-day,"43058099999,VABB,VAJJ,43003099999,43057099999,43060099999"
Mumbai,2023-02-24,33.7,22.6,28.8,34,22.6,28.4,13.6,42.9,0,0,0,,0,,48.6,22.3,319.4,1012.3,0,2.9,270.5,23.5,9,10,2023-02-24T07:01:43,2023-02-24T18:42:28,0.13,Clear,Clear conditions throughout the day.,clear-day,"43058099999,VABB,VAJJ,43003099999,43057099999,43060099999"
Mumbai,2023-02-25,34.1,24,29.1,35,24,28.8,11.9,35.9,0,0,0,,0,,45.4,20.5,323.5,1014.1,9.9,3.1,267.6,23.2,9,10,2023-02-25T07:01:02,2023-02-25T18:42:50,0.16,Clear,Clear conditions throughout the day.,clear-day,"VABB,VAJJ,43003099999,43057099999,43060099999"
Mumbai,2023-02-26,34,22.5,28.7,33.5,22.5,28.5,13.1,39.3,0,0,0,,0,,49,19,315.1,1014.5,0.2,3.3,272.5,23.7,9,10,2023-02-26T07:00:22,2023-02-26T18:43:11,0.2,Clear,Clear conditions throughout the day.,clear-day,"VABB,VAJJ,43003099999,43057099999,43060099999"
Mumbai,2023-02-27,34,22.7,28.4,35.1,22.7,28.1,13.1,40.5,0,0,0,,0,,43.6,18.4,299,1014.1,0,3.2,272.2,23.6,9,10,2023-02-27T06:59:40,2023-02-27T18:43:32,0.25,Clear,Clear conditions throughout the day.,clear-day,"43058099999,VABB,VAJJ,43003099999,43057099999,43060099999"
Mumbai,2023-02-28,31.9,22.3,27,31.6,22.3,26.9,13.5,44.4,0,0,0,,0,,36,17.8,299.6,1014.5,0.4,3.2,273.5,23.7,9,10,2023-02-28T06:58:58,2023-02-28T18:43:53,0.26,Clear,Clear conditions throughout the day.,clear-day,"43058099999,VABB,VAJJ,43003099999,43057099999,43060099999"
Mumbai,2023-03-01,33.1,22.3,28,33.1,22.3,27.7,13.5,42.8,0,0,0,,0,,36.7,19.8,331.3,1014.9,0.5,3,268.6,23.1,9,10,2023-03-01T06:58:15,2023-03-01T18:44:13,0.29,Clear,Clear conditions throughout the day.,clear-day,"43058099999,VABB,VAJJ,43003099999,43057099999,43060099999"
Mumbai,2023-03-02,34.1,24.3,29.8,33.9,24.3,29.2,13.5,38.8,0,0,0,,0,,30.2,18.4,257.3,1015,0.1,2.9,266.7,22.9,9,10,2023-03-02T06:57:31,2023-03-02T18:44:33,0.33,Clear,Clear conditions throughout the day.,clear-day,"43058099999,VABB,VAJJ,43003099999,43057099999,43060099999"
Mumbai,2023-03-03,34.4,24.9,30.1,36.5,24.9,29.9,14.3,38.8,0,0,0,,0,,28.4,17.2,256.9,1015.4,3.8,2.7,268.3,23.1,9,10,2023-03-03T06:56:47,2023-03-03T18:44:53,0.36,Clear,Clear conditions throughout the day.,clear-day,"43058099999,VABB,VAJJ,43003099999,43060099999"
Mumbai,2023-03-04,35.4,24.7,30.2,35.4,24.7,30.5,16.4,44.7,0,0,0,,0,,31.3,14.9,253,1015.2,7.8,2.6,266.6,22.9,9,15,2023-03-04T06:56:03,2023-03-04T18:45:12,0.39,Clear,Clear conditions throughout the day.,clear-day,"VABB,VAJJ,43003099999,43057099999,43060099999"
Mumbai,2023-03-05,36,26.1,30.7,39.4,26.1,31.6,17.4,47,0,0,0,,0,,27.7,14.2,289.1,1014.6,29.2,2.7,259.2,22.2,9,15,2023-03-05T06:55:17,2023-03-05T18:45:31,0.43,Partially cloudy,Partly cloudy throughout the day.,partly-cloudy-day,"VABB,VAJJ,43003099999,43057099999,43060099999"
Mumbai,2023-03-06,37.3,27,30.6,36,26.7,30.4,14.3,39.2,0,0,0,,0,,40.7,27.7,59.7,1013.5,49,2.9,265,22.8,9,60,2023-03-06T06:54:32,2023-03-06T18:45:49,0.46,Partially cloudy,Partly cloudy throughout the day.,partly-cloudy-day,"43058099999,VABB,VAJJ,43003099999,43057099999,43060099999"
Mumbai,2023-03-07,35,25,29.1,33.1,25,28.9,13.4,39.7,0.2,100,4.17,rain,0,,38.9,25.7,78.1,1013.4,69,3,197.9,17,9,30,2023-03-07T06:53:45,2023-03-07T18:46:07,0.5,"Rain, Partially cloudy",Partly cloudy throughout the day with morning rain.,rain,"VABB,VAJJ,43003099999,43057099999,43060099999"
Mumbai,2023-03-08,33.4,24.6,29.2,33.3,24.6,29.2,14.4,41,0,0,0,,0,,31.7,18.1,334.7,1013.3,35.4,3.1,256.4,22.4,9,15,2023-03-08T06:52:59,2023-03-08T18:46:25,0.53,Partially cloudy,Partly cloudy throughout the day.,partly-cloudy-day,"43058099999,VABB,VAJJ,43003099999,43057099999,43060099999"
Mumbai,2023-03-09,36.3,24.7,30.8,34.3,24.7,29.9,11.1,31.1,0,0,0,,0,,50,21.1,15.3,1012.5,11.4,3.1,275.6,23.9,9,60,2023-03-09T06:52:12,2023-03-09T18:46:42,0.56,Clear,Clear conditions throughout the day.,clear-day,"43058099999,VABB,VAJJ,43003099999,43057099999,43060099999"
Mumbai,2023-03-10,35.4,26.1,30.9,33.6,26.1,29.6,8,24.8,0,0,0,,0,,43.6,20.5,345.6,1012,17.8,3.3,278.5,24,10,10,2023-03-10T06:51:24,2023-03-10T18:46:59,0.6,Clear,Clear conditions throughout the day.,clear-day,"43058099999,VABB,VAJJ,43003099999,43057099999,43060099999"
Mumbai,2023-03-11,37,26,31.3,36.5,26,30.6,12,32.2,0,0,0,,0,,35.3,17.8,341.8,1011.2,15.2,3.3,276.4,23.8,9,10,2023-03-11T06:50:36,2023-03-11T18:47:16,0.63,Clear,Clear conditions throughout the day.,clear-day,"VABB,VAJJ,43003099999,43057099999,43060099999"
Mumbai,2023-03-12,37,27.1,31.5,37.1,27,31.2,14.2,36.2,0,0,0,,0,,25.6,17.6,242.7,1010.8,31.4,2.9,269.5,23.3,9,15,2023-03-12T06:49:48,2023-03-12T18:47:33,0.67,Partially cloudy,Partly cloudy throughout the day.,partly-cloudy-day,"VABB,VAJJ,43003099999,43057099999,43060099999"
Mumbai,2023-03-13,35.8,26.9,31.3,37.3,27.4,31.7,15.9,40.5,0,0,0,,0,,33.5,16.1,186.5,1009.8,29.9,2.8,262.4,22.6,9,15,2023-03-13T06:48:59,2023-03-13T18:47:49,0.7,Partially cloudy,Partly cloudy throughout the day.,partly-cloudy-day,"43058099999,VABB,VAJJ,43003099999,43057099999,43060099999"
Mumbai,2023-03-14,34.7,27.4,30.7,38.1,27.8,31.5,17.1,45.3,0,0,0,,0,,32,21.8,290,1008.8,32.5,2.8,258.3,22.4,9,8,2023-03-14T06:48:10,2023-03-14T18:48:05,0.74,Partially cloudy,Partly cloudy throughout the day.,partly-cloudy-day,"43058099999,VABB,VAJJ,43003099999,43057099999,43060099999"
Mumbai,2023-03-15,33.7,26.6,29.2,36.1,26.6,31.1,19.6,58,0,0,0,,0,,30.6,22.3,271.1,1007.7,58.4,2.8,216.1,18.6,9,15,2023-03-15T06:47:21,2023-03-15T18:48:21,0.75,Partially cloudy,Partly cloudy throughout the day.,partly-cloudy-day,"43058099999,VABB,VAJJ,43003099999,43057099999,43060099999"
Mumbai,2023-03-16,32.4,24,28.5,37.5,24,31.7,22.5,71.6,0.1,100,4.17,rain,0,,28.1,18.1,203,1009.1,77.9,2.9,149,12.9,8,100,2023-03-16T06:46:32,2023-03-16T18:48:36,0.81,"Rain, Partially cloudy",Partly cloudy throughout the day with late afternoon rain.,rain,"43058099999,VABB,VAJJ,43003099999,43057099999,43060099999"
Mumbai,2023-03-17,31,24.3,27.7,33.6,24.3,29.3,20.8,67.3,0,0,0,,0,,31.7,19.4,259.1,1009.9,37.7,2.9,268.5,23.2,9,60,2023-03-17T06:45:42,2023-03-17T18:48:52,0.84,Partially cloudy,Partly cloudy throughout the day.,partly-cloudy-day,"43058099999,VABB,VAJJ,43003099999,43057099999,43060099999"
Mumbai,2023-03-18,30.3,24.8,27.8,34.1,24.8,30.1,22.9,75.4,0,0,0,,0,,31,23,288,1008.9,12.2,3,280.3,24.3,9,60,2023-03-18T06:44:52,2023-03-18T18:49:07,0.88,Clear,Clear conditions throughout the day.,clear-day,"VABB,VAJJ,43003099999,43057099999,43060099999"
Mumbai,2023-03-19,30,24.7,27.5,32.1,24.7,28.8,21,68.6,0,0,0,,0,,24.1,22.3,246.6,1008.9,30.3,3.3,282.4,24.4,10,30,2023-03-19T06:44:02,2023-03-19T18:49:22,0.91,Partially cloudy,Partly cloudy throughout the day.,partly-cloudy-day,"VABB,VAJJ,43003099999,43057099999,43060099999"
Mumbai,2023-03-20,29.9,25.4,27.6,31.8,25.4,28.7,19.2,60.4,0,0,0,,0,,31.7,20.5,283.2,1008.7,42.9,3.3,282,24.5,10,10,2023-03-20T06:43:12,2023-03-20T18:49:37,0.95,Partially cloudy,Partly cloudy throughout the day.,partly-cloudy-day,"43058099999,VABB,VAJJ,43003099999,43057099999,43060099999"
Mumbai,2023-03-21,30.5,22,26.4,31.9,22,27.1,20,69,17.2,100,8.33,rain,0,,18,18.7,179,1009.2,61.3,3.5,266,23,9,10,2023-03-21T06:42:22,2023-03-21T18:49:52,0,"Rain, Partially cloudy",Partly cloudy throughout the day with morning rain.,rain,"43058099999,VABB,VAJJ,43003099999,43057099999,43060099999"
Mumbai,2023-03-22,30.7,24.3,27.5,31.7,24.3,28.5,20.5,66.9,0,0,0,,0,,31.7,19.9,284.7,1010,37.4,3.5,280.5,24.2,9,10,2023-03-22T06:41:31,2023-03-22T18:50:06,0.02,Partially cloudy,Partly cloudy throughout the day.,partly-cloudy-day,"VABB,VAJJ,43003099999,43057099999,43060099999"
Mumbai,2023-03-23,30.4,24.6,27.6,32.3,24.6,28.8,20.6,66.6,0,0,0,,0,,32.5,26,305.8,1010.3,37.7,3.6,279.8,24.2,9,10,2023-03-23T06:40:41,2023-03-23T18:50:21,0.05,Partially cloudy,Partly cloudy throughout the day.,partly-cloudy-day,"43058099999,VABB,VAJJ,43003099999,43057099999,43060099999"
Mumbai,2023-03-24,30.7,23.9,27.7,34.1,23.9,29.2,21.3,68.8,0,0,0,,0,,31.7,20.5,306.5,1010.5,25.5,3.8,288.1,24.8,10,10,2023-03-24T06:39:50,2023-03-24T18:50:36,0.08,Partially cloudy,Partly cloudy throughout the day.,partly-cloudy-day,"43058099999,VABB,VAJJ,43003099999,43057099999,43060099999"
Mumbai,2023-03-25,29.8,23.6,26.9,30.7,23.6,27.3,17.9,58.6,0,0,0,,0,,37.1,18.4,319.3,1011.5,11.6,4.2,294.6,25.5,10,10,2023-03-25T06:39:00,2023-03-25T18:50:50,0.11,Clear,Clear conditions throughout the day.,clear-day,"VABB,VAJJ,43003099999,43057099999,43060099999"
Mumbai,2023-03-26,29.7,21.8,26.4,30.7,21.8,26.8,17.6,58.9,0,0,0,,0,,37.1,19,300.5,1011.3,19.4,4.1,294.1,25.4,10,10,2023-03-26T06:38:09,2023-03-26T18:51:04,0.15,Clear,Clear conditions throughout the day.,clear-day,"VABB,VAJJ,43003099999,43057099999,43060099999"
Mumbai,2023-03-27,30,22.8,26.9,32.3,22.8,27.9,20,66.8,0,0,0,,0,,37.1,20.5,302.2,1010.9,30.4,3.5,290.3,25.1,10,10,2023-03-27T06:37:19,2023-03-27T18:51:19,0.18,Partially cloudy,Partly cloudy throughout the day.,partly-cloudy-day,"43058099999,VABB,VAJJ,43003099999,43057099999,43060099999"
Mumbai,2023-03-28,30.5,24.4,27.5,32.7,24.4,28.8,20.8,67.5,0,0,0,,0,,31.7,23.6,283.2,1010,23.9,3.6,292.9,25.1,10,10,2023-03-28T06:36:28,2023-03-28T18:51:33,0.21,Partially cloudy,Partly cloudy throughout the day.,partly-cloudy-day,"43058099999,VABB,VAJJ,43003099999,43057099999,43060099999"
Mumbai,2023-03-29,30,23.7,27.2,32.6,23.7,28.5,21.2,70.1,0,0,0,,0,,31.7,19.3,291.2,1010.6,25,3.7,294.7,25.3,10,10,2023-03-29T06:35:38,2023-03-29T18:51:47,0.25,Partially cloudy,Partly cloudy throughout the day.,partly-cloudy-day,"43058099999,VABB,VAJJ,43003099999,43057099999,43060099999"
Mumbai,2023-03-30,30,24.8,27.3,31.9,24.8,28.4,20.6,67.2,0,0,0,,0,,31.7,18.8,262.4,1010.2,52.4,4,274.7,23.8,10,10,2023-03-30T06:34:48,2023-03-30T18:52:01,0.28,Partially cloudy,Partly cloudy throughout the day.,partly-cloudy-day,"43058099999,VABB,VAJJ,43003099999,43057099999,43060099999"
Mumbai,2023-03-31,31,26,28.2,34.5,26,30.4,21.4,66.9,0,0,0,rain,0,,31.7,18.1,274.1,1009.7,46.6,3.7,283.4,24.3,9,10,2023-03-31T06:33:57,2023-03-31T18:52:16,0.31,Partially cloudy,Partly cloudy throughout the day.,partly-cloudy-day,"43058099999,VABB,VAJJ,43003099999,43057099999,43060099999"
Mumbai,2023-04-01,30.4,24,27.5,32.9,24,28.8,20.7,67,0,0,0,,0,,33.5,22.3,316.2,1010.1,20.3,3.9,295.6,25.4,10,10,2023-04-01T06:33:07,2023-04-01T18:52:30,0.34,Partially cloudy,Partly cloudy throughout the day.,partly-cloudy-day,"VABB,VAJJ,43003099999,43057099999,43060099999"
Mumbai,2023-04-02,30.7,23.8,27.5,33,23.8,28.8,20.4,65.7,0,0,0,,0,,38.9,19.8,298.7,1009.9,15.9,3.8,292.6,25.2,10,10,2023-04-02T06:32:18,2023-04-02T18:52:44,0.37,Clear,Clear conditions throughout the day.,clear-day,"VABB,VAJJ,43003099999,43057099999,43060099999"
Mumbai,2023-04-03,30,25.8,27.6,32.5,25.8,29.2,21.3,69.2,0,0,0,,0,,37.1,20.5,288.2,1009.6,27.2,3.6,291.5,25.2,10,10,2023-04-03T06:31:28,2023-04-03T18:52:59,0.41,Partially cloudy,Partly cloudy throughout the day.,partly-cloudy-day,"43058099999,VABB,VAJJ,43003099999,43057099999,43060099999"
Mumbai,2023-04-04,30.6,24.2,27.8,35.8,24.2,30.3,23.1,76.4,0,0,0,,0,,38.9,21.1,297.3,1010.1,18.2,3.3,290.1,25.1,10,5,2023-04-04T06:30:38,2023-04-04T18:53:13,0.44,Clear,Clear conditions throughout the day.,clear-day,"VABB,VAJJ,43003099999,43057099999,43060099999"
Mumbai,2023-04-05,30.9,25.3,28.1,36.3,25.3,31.4,23.9,78.5,0,0,0,,0,,32,23.5,286.6,1010,17.9,3.6,291.5,25.2,10,15,2023-04-05T06:29:49,2023-04-05T18:53:28,0.47,Clear,Clear conditions throughout the day.,clear-day,"43058099999,VABB,VAJJ,43003099999,43057099999,43060099999"
Mumbai,2023-04-06,32.4,25,29.3,36.8,25,31.4,21.4,64.3,0,0,0,,0,,41.8,18.4,323.3,1009.7,29.7,3.5,291.8,25.2,10,15,2023-04-06T06:29:00,2023-04-06T18:53:42,0.5,Partially cloudy,Partly cloudy throughout the day.,partly-cloudy-day,"43058099999,VABB,VAJJ,43003099999,43057099999,43060099999"
Mumbai,2023-04-07,33.4,27.3,30.5,39.2,28.7,32.6,19.7,53.6,0,0,0,,0,,44.6,22.3,324.3,1010.1,49.9,3.4,245,21.1,10,30,2023-04-07T06:28:12,2023-04-07T18:53:57,0.54,Partially cloudy,Partly cloudy throughout the day.,partly-cloudy-day,"VABB,VAJJ,43003099999,43057099999,43060099999"
Mumbai,2023-04-08,34.7,27.7,30.9,37.9,30.6,33.8,21.3,57.5,0,0,0,,0,,26.3,17.8,260.7,1011.6,55.5,3,186.7,16.1,7,60,2023-04-08T06:27:23,2023-04-08T18:54:12,0.57,Partially cloudy,Partly cloudy throughout the day.,partly-cloudy-day,"VABB,VAJJ,43003099999,43057099999,43060099999"
Mumbai,2023-04-09,34.1,27.2,31.1,38.9,29.8,34,21.1,56.3,0,0,0,,0,,30.2,21.1,279,1012.1,34,3.2,284,24.6,9,30,2023-04-09T06:26:35,2023-04-09T18:54:27,0.61,Partially cloudy,Partly cloudy throughout the day.,partly-cloudy-day,"VABB,VAJJ,43003099999,43057099999,43060099999"
Mumbai,2023-04-10,35,27.9,31.2,38.5,30.8,35.2,22.4,61.1,0,0,0,,0,,36.7,21.1,305.7,1010.6,34.8,3,279.1,24,10,75,2023-04-10T06:25:48,2023-04-10T18:54:42,0.65,Partially cloudy,Partly cloudy throughout the day.,partly-cloudy-day,"43058099999,VABB,VAJJ,43003099999,43057099999,43060099999"
Mumbai,2023-04-11,34.8,28,30.9,41,31.3,35.2,22.8,63.2,0,0,0,,0,,41,21.7,290.6,1010.8,25.5,3.4,292,25.2,10,30,2023-04-11T06:25:01,2023-04-11T18:54:58,0.68,Partially cloudy,Partly cloudy throughout the day.,partly-cloudy-day,"43058099999,VABB,VAJJ,43003099999,43057099999,43060099999"
Mumbai,2023-04-12,36.1,28,32.1,39.8,30.3,34.6,20.3,51.5,0,0,0,,0,,49,20.5,313.4,1010.4,30,3.2,295.9,25.6,10,30,2023-04-12T06:24:14,2023-04-12T18:55:13,0.72,Partially cloudy,Partly cloudy throughout the day.,partly-cloudy-day,"43058099999,VABB,43003099999,43057099999,43060099999"
Mumbai,2023-04-13,35,26.4,31.4,42.1,26.4,35.2,21.7,57.1,15,100,4.17,rain,0,,57.6,38.9,308.1,1010,52.6,3.3,240,20.8,9,38,2023-04-13T06:23:27,2023-04-13T18:55:29,0.75,"Rain, Partially cloudy",Partly cloudy throughout the day with early morning rain.,rain,"43058099999,VABB,VAJJ,43003099999,43057099999,43060099999"
Mumbai,2023-04-14,35,27.4,30.9,43.6,29.4,35.2,22.7,62.9,0,0,0,,0,,47.9,24.1,308.6,1010,58.2,5.1,248.3,21.6,10,38,2023-04-14T06:22:41,2023-04-14T18:55:44,0.79,Partially cloudy,Partly cloudy throughout the day.,partly-cloudy-day,"VABB,43003099999,43057099999,remote,43060099999"
Mumbai,2023-04-15,33.7,27.3,30.2,41.5,29.5,33.4,21.7,61.4,0,0,0,,0,,33.1,20.5,298.5,1010,29.2,5.5,295.9,25.5,10,15,2023-04-15T06:21:56,2023-04-15T18:56:00,0.82,Partially cloudy,Partly cloudy throughout the day.,partly-cloudy-day,"VABB,VAJJ,43003099999,43057099999,remote,43060099999"
Mumbai,2023-04-16,34,26.8,30.3,38.5,29.2,33.2,21.5,61,0,0,0,,0,,41,20.9,304.4,1008.8,23.8,4.7,299.8,26,10,30,2023-04-16T06:21:11,2023-04-16T18:56:17,0.86,Partially cloudy,Partly cloudy throughout the day.,partly-cloudy-day,"VABB,VAJJ,43003099999,43057099999,remote,43060099999"
Mumbai,2023-04-17,33,26.9,29.9,40.7,29.7,34.7,23.8,70.6,0,0,0,,0,,36.4,17.8,305.6,1008.7,27,3.4,298.9,26,10,30,2023-04-17T06:20:27,2023-04-17T18:56:33,0.9,Partially cloudy,Partly cloudy throughout the day.,partly-cloudy-day,"43058099999,VABB,VAJJ,43003099999,43057099999,43060099999"
Mumbai,2023-04-18,38,26.3,31.8,40.8,26.3,34.7,20.8,54.2,0,0,0,,0,,49.3,33.8,331.4,1009.1,24.2,4,261.6,22.7,10,30,2023-04-18T06:19:43,2023-04-18T18:56:50,0.93,Partially cloudy,Partly cloudy throughout the day.,partly-cloudy-day,"43058099999,VABB,43003099999,43057099999,remote,43060099999"
Mumbai,2023-04-19,39,28.9,33.2,42.9,31.2,36,20.3,49.3,0,0,0,,0,,53.3,20.5,317.4,1006.8,19.7,4,299.5,26,10,38,2023-04-19T06:18:59,2023-04-19T18:57:06,0.97,Clear,Clear conditions throughout the day.,clear-day,"43058099999,VABB,43003099999,43057099999,remote,43060099999"
Mumbai,2023-04-20,35.4,28.6,31.4,41.9,31.4,34.7,21.5,56.5,0,0,0,,0,,42.5,26,302.5,1005.5,33.5,3.4,286.5,24.8,9,15,2023-04-20T06:18:17,2023-04-20T18:57:23,0,Partially cloudy,Partly cloudy throughout the day.,partly-cloudy-day,"43058099999,VABB,VAJJ,43003099999,43057099999,43060099999"
Mumbai,2023-04-21,31.7,26.7,29.2,37,29,33,23.1,70.1,0,0,0,,0,,33.5,24.2,281.7,1006.4,13.3,3.7,303.8,26.1,10,30,2023-04-21T06:17:34,2023-04-21T18:57:41,0.04,Clear,Clear conditions throughout the day.,clear-day,"43058099999,VABB,VAJJ,43003099999,43057099999,43060099999"
Mumbai,2023-04-22,32.1,26.8,28.8,37.9,29.4,32.5,23.3,72.4,0,0,0,,0,,35.3,18.4,278.1,1007.1,39.4,3.7,298.9,25.9,10,30,2023-04-22T06:16:53,2023-04-22T18:57:58,0.07,Partially cloudy,Partly cloudy throughout the day.,partly-cloudy-day,"VABB,VAJJ,43003099999,43057099999,43060099999"
Mumbai,2023-04-23,31.1,25.9,28.7,35.8,25.9,32.3,23.1,71.8,0,0,0,,0,,37.1,24.1,282,1007.2,39.4,3.8,298.5,25.8,10,30,2023-04-23T06:16:12,2023-04-23T18:58:16,0.1,Partially cloudy,Partly cloudy throughout the day.,partly-cloudy-day,"VABB,VAJJ,43003099999,43057099999,43060099999"
Mumbai,2023-04-24,31.7,25.8,29,38.3,25.8,34,24.8,78.5,0,0,0,,0,,37.1,18.4,278.3,1007.4,38.9,3.8,295.1,25.4,10,15,2023-04-24T06:15:32,2023-04-24T18:58:34,0.13,Partially cloudy,Partly cloudy throughout the day.,partly-cloudy-day,"43058099999,VABB,VAJJ,43003099999,43057099999,43060099999"
Mumbai,2023-04-25,32.8,27.6,29.7,41.6,32.1,36.1,25.5,79.1,0,0,0,,0,,35.3,18.7,247.3,1007.5,44.7,3.3,289.8,25.1,10,75,2023-04-25T06:14:52,2023-04-25T18:58:52,0.16,Partially cloudy,Partly cloudy throughout the day.,partly-cloudy-day,"43058099999,VABB,VAJJ,43003099999,43057099999,43060099999"
Mumbai,2023-04-26,32.1,28,29.5,36.3,31.9,33.9,23.6,71.3,0,0,0,,0,,40.7,23,226.3,1008.1,45.9,3.7,284.5,24.5,10,60,2023-04-26T06:14:13,2023-04-26T18:59:11,0.2,Partially cloudy,Partly cloudy throughout the day.,partly-cloudy-day,"43058099999,VABB,VAJJ,43003099999,43057099999,43060099999"
Mumbai,2023-04-27,32.8,27.3,29.5,36.9,30,33.4,23.1,68.8,0,0,0,,0,,33.5,23,285.5,1008.2,44.1,3.5,289.8,25,10,30,2023-04-27T06:13:35,2023-04-27T18:59:29,0.23,Partially cloudy,Partly cloudy throughout the day.,partly-cloudy-day,"43058099999,VABB,VAJJ,43003099999,43057099999,43060099999"
Mumbai,2023-04-28,31.7,27.2,29.4,37.5,30.2,33.3,23,68.8,0,0,0,,0,,35.3,24.8,288.7,1009,28.9,3.7,284.7,24.6,10,10,2023-04-28T06:12:58,2023-04-28T18:59:48,0.25,Partially cloudy,Partly cloudy throughout the day.,partly-cloudy-day,"43058099999,VABB,VAJJ,43003099999,43057099999,43060099999"
Mumbai,2023-04-29,32.8,26.9,29.5,36.1,29.6,32.6,22.2,65.5,0.2,100,4.17,rain,0,,23.4,23,268.7,1008.5,38.4,3.9,299,25.8,10,10,2023-04-29T06:12:21,2023-04-29T19:00:08,0.29,"Rain, Partially cloudy",Partly cloudy throughout the day with morning rain.,rain,"VABB,VAJJ,43003099999,43057099999,43060099999"
Mumbai,2023-04-30,31.7,27,29.3,36.6,29.6,32.9,22.9,68.9,0,0,0,rain,0,,25.6,20.5,264.4,1007,43.7,4,297,25.6,10,30,2023-04-30T06:11:45,2023-04-30T19:00:27,0.32,Partially cloudy,Partly cloudy throughout the day.,partly-cloudy-day,"VABB,VAJJ,43003099999,43057099999,43060099999"
